"","horizon","META_exp","META_AAPL_exp","META_GOOG_exp","META_MSFT_exp","META_AMZN_exp","AAPL_exp","AAPL_GOOG_exp","AAPL_MSFT_exp","AAPL_AMZN_exp","GOOG_exp","GOOG_MSFT_exp","GOOG_AMZN_exp","MSFT_exp","MSFT_AMZN_exp","AMZN_exp","META_logcosh","META_AAPL_logcosh","META_GOOG_logcosh","META_MSFT_logcosh","META_AMZN_logcosh","AAPL_logcosh","AAPL_GOOG_logcosh","AAPL_MSFT_logcosh","AAPL_AMZN_logcosh","GOOG_logcosh","GOOG_MSFT_logcosh","GOOG_AMZN_logcosh","MSFT_logcosh","MSFT_AMZN_logcosh","AMZN_logcosh","META_kgv","META_AAPL_kgv","META_GOOG_kgv","META_MSFT_kgv","META_AMZN_kgv","AAPL_kgv","AAPL_GOOG_kgv","AAPL_MSFT_kgv","AAPL_AMZN_kgv","GOOG_kgv","GOOG_MSFT_kgv","GOOG_AMZN_kgv","MSFT_kgv","MSFT_AMZN_kgv","AMZN_kgv","META_kcca","META_AAPL_kcca","META_GOOG_kcca","META_MSFT_kcca","META_AMZN_kcca","AAPL_kcca","AAPL_GOOG_kcca","AAPL_MSFT_kcca","AAPL_AMZN_kcca","GOOG_kcca","GOOG_MSFT_kcca","GOOG_AMZN_kcca","MSFT_kcca","MSFT_AMZN_kcca","AMZN_kcca","META_identity","META_AAPL_identity","META_GOOG_identity","META_MSFT_identity","META_AMZN_identity","AAPL_identity","AAPL_GOOG_identity","AAPL_MSFT_identity","AAPL_AMZN_identity","GOOG_identity","GOOG_MSFT_identity","GOOG_AMZN_identity","MSFT_identity","MSFT_AMZN_identity","AMZN_identity"
"1",1,0.34128960967118,0.34128960967118,0.34128960967118,0.34128960967118,0.34128960967118,0.34128960967118,0.34128960967118,0.34128960967118,0.34128960967118,0.34128960967118,0.34128960967118,0.34128960967118,0.34128960967118,0.34128960967118,0.34128960967118,0.226209608629909,0.226209608629909,0.226209608629909,0.226209608629909,0.226209608629909,0.226209608629909,0.226209608629909,0.226209608629909,0.226209608629909,0.226209608629909,0.226209608629909,0.226209608629909,0.226209608629909,0.226209608629909,0.226209608629909,0.482015754091489,0.482015754091489,0.482015754091489,0.482015754091489,0.482015754091489,0.482015754091489,0.482015754091489,0.482015754091489,0.482015754091489,0.482015754091489,0.482015754091489,0.482015754091489,0.482015754091489,0.482015754091489,0.482015754091489,1.0569177773442,1.0569177773442,1.0569177773442,1.0569177773442,1.0569177773442,1.0569177773442,1.0569177773442,1.0569177773442,1.0569177773442,1.0569177773442,1.0569177773442,1.0569177773442,1.0569177773442,1.0569177773442,1.0569177773442,2.00259408787546,2.00259408787546,2.00259408787546,2.00259408787546,2.00259408787546,2.00259408787546,2.00259408787546,2.00259408787546,2.00259408787546,2.00259408787546,2.00259408787546,2.00259408787546,2.00259408787546,2.00259408787546,2.00259408787546
"2",2,0.338962602048677,0.334329963041536,0.335391539947983,0.332338159583369,0.337850435239976,0.330280182127264,0.331258493817088,0.328626040701925,0.333158246297738,0.332249229457947,0.329557030672403,0.334226232519263,0.327169098858765,0.331128313148006,0.336752672320295,0.224667248509212,0.221596696617115,0.222300318672206,0.220276512620967,0.223930095043656,0.218912467945351,0.21956090111824,0.217816089169551,0.220820072956362,0.220217568989818,0.218433157110949,0.221527943159109,0.216850415926656,0.219474616281639,0.22320248859625,0.478729236418073,0.472186391511039,0.47368569526535,0.469373294895484,0.477158482701052,0.466466738330918,0.467848443585178,0.46413053411047,0.470531533250375,0.469247695638278,0.465445405175851,0.472039889113958,0.462072842046903,0.467664584681778,0.475608072121446,1.04971141754143,1.03536489662805,1.03865242567273,1.02919660897951,1.04626721989175,1.02282339134529,1.02585306171162,1.01770078746536,1.03173628262564,1.02892120701051,1.02058391025153,1.03504366026475,1.01318887825114,1.02544991359483,1.04286762871686,1.98893984357615,1.96175678489499,1.96798582784395,1.95006942695469,1.98241395291695,1.93799377809286,1.94373424352347,1.92828772861164,1.95488147150337,1.94954760930083,1.93375052313547,1.96114812256028,1.91973879234516,1.94297037896131,1.97597258033909
"3",3,0.336651460612315,0.327512238931174,0.329595398984039,0.323621490914049,0.334445917359786,0.319625900158865,0.321522210511151,0.316432354127254,0.325220615954653,0.32344831880981,0.318227784813757,0.327309040001676,0.313632809833223,0.321269551317087,0.332276046798257,0.223135404629431,0.21707785203747,0.218458587948903,0.214499031700457,0.221673552109362,0.211850720719509,0.213107611086153,0.209734011691513,0.215558945156169,0.214384251780953,0.210924038171684,0.21694317008697,0.207878450311531,0.212940146458498,0.220235343747338,0.47546512713759,0.46255747127696,0.465499594140714,0.457062426053458,0.472350158020676,0.451419307609986,0.454097535831845,0.446908946160259,0.459320928628664,0.456817848779357,0.449444698353558,0.462270486023213,0.442955047723972,0.453740696043864,0.469285570745359,1.04255419270707,1.01425152660717,1.02070273060089,1.00220252004518,1.03572398807662,0.989828832770572,0.995701393979288,0.979938946064589,1.00715474723206,1.00166623452601,0.985499099543573,1.01362225294973,0.971269217924682,0.994918950018942,1.02900425590187,1.97537869771777,1.92175224444229,1.93397565789454,1.89892239918561,1.96243717312132,1.87547736541616,1.88660439592824,1.85673851072784,1.90830562756801,1.89790627263998,1.86727360695138,1.92055992869829,1.84031155047735,1.88512186087899,1.9497049661193
"4",4,0.334356077182018,0.320833543227427,0.323899425275594,0.315133445743114,0.331075706796644,0.309315307368337,0.312072094094163,0.304691114936131,0.317472102873901,0.314880534445707,0.307288006633781,0.320535006660927,0.300656571011756,0.311704316741252,0.327858931349076,0.221614005287906,0.212651156648886,0.214683248920578,0.208873084347415,0.219439748351834,0.205016773556175,0.206843994862227,0.201951820124611,0.210423165859667,0.208705452623555,0.203673061668254,0.212453284114956,0.19927769065723,0.206600228955772,0.217307642672597,0.472223273463376,0.453124905928454,0.457454962881629,0.44507445051042,0.467590286814503,0.436857281640765,0.440750792005171,0.430326366139349,0.448377421208954,0.444717254667701,0.433994050928062,0.452703271855376,0.424628232715374,0.440231366645951,0.463047117614022,1.03544576782522,0.993568704690724,1.00306323704133,0.975916440475679,1.02528700037867,0.95789862304117,0.966435938026175,0.943578259780865,0.983158876889209,0.975133215792753,0.951620406167123,0.992644186054999,0.931083940949255,0.965296992065378,1.01532517599282,1.9619100155292,1.88256348465576,1.90055324200494,1.84911687157721,1.94266169927919,1.81497762683726,1.83115369737158,1.7878441303477,1.86283947200503,1.84763285725451,1.8030819805875,1.88081175373239,1.76417053003502,1.82899568045069,1.92378654073121
"5",5,0.332076344315312,0.314291040834954,0.318301887760697,0.306868027662302,0.327739457835812,0.299337316922109,0.302899733606237,0.293385535044524,0.309908201260003,0.306539701110998,0.296724307326671,0.313901169654815,0.288217210886244,0.302423870163892,0.323500534874914,0.220102979270866,0.208314731326453,0.210973154224885,0.203394696092277,0.217228454628452,0.198403278009303,0.200764477591879,0.194458387186296,0.205409748587915,0.203177078507186,0.196671353388158,0.208056321446468,0.191032778694308,0.200449071321064,0.21441886102576,0.469003523650508,0.443884691357049,0.449549356646215,0.433400899320443,0.462878380817009,0.422765002084145,0.427796332999969,0.414359083624815,0.437694647292076,0.432937191766124,0.419074553400967,0.443334062080422,0.4070596710557,0.427124253717427,0.456891595431126,1.02838581016422,0.973307651054831,0.985728584179951,0.950319800381043,1.01495518617622,0.926998428057358,0.938030646493161,0.908566738679659,0.959734717889721,0.949303027062975,0.918906367193124,0.972100284145652,0.892561288976031,0.936556975694078,1.00182793908984,1.94853316656741,1.84417386997133,1.86770842277709,1.80061765884584,1.92308550283103,1.75642950784897,1.77733279464126,1.72150607958563,1.81845656603887,1.7986911284391,1.74109708219315,1.84188621251486,1.69117976694585,1.77454055810878,1.89821266222907
"6",6,0.329812155302294,0.307881954472256,0.31280108529312,0.298819397539016,0.324436828246322,0.289681199629176,0.293996965300735,0.282499449291143,0.302524512669886,0.298419807126636,0.286523758356189,0.30740462746053,0.276292516646169,0.29341973252436,0.319200076794401,0.218602255850096,0.204066735264756,0.207327176327873,0.198059996709107,0.215039444105664,0.19200312268133,0.194863648275538,0.187242998472423,0.200515778016045,0.197795144840678,0.189910344189413,0.203750358927911,0.183128991586117,0.194481053562039,0.211568481430966,0.465805726988702,0.434832905106861,0.441780372843655,0.422033525663751,0.458213956682923,0.40912731571264,0.415222628859334,0.398984267970229,0.427266394796574,0.421469169561211,0.404667946329362,0.434158758771944,0.390217990783106,0.414407381971921,0.450817901753155,1.02137398926106,0.953459764915558,0.968693503846732,0.925394516928187,1.00472748563626,0.897095021279594,0.910460237599883,0.874854321915708,0.936868648978956,0.924157051155619,0.887316945071661,0.951981561682869,0.855632472584954,0.908672642649061,0.98851012786085,1.93524752468786,1.80656710406073,1.83543121835017,1.75339049855837,1.90370657565909,1.69977005249289,1.72509378510475,1.65762950569629,1.77513110080854,1.75104581130529,1.68124305065363,1.80376627970342,1.62120892251286,1.7217067410444,1.87297875037489
"7",7,0.32756340416064,0.301603563492713,0.307395346125356,0.290981869391244,0.321167479245862,0.28033657240415,0.285355865378225,0.272017292323863,0.295316743455164,0.290515000056231,0.276673875632894,0.301042538605583,0.264861194513478,0.284683677211094,0.314956786902836,0.217111764779625,0.199905365196455,0.203744207181307,0.192865217481454,0.212872492235723,0.185809425576392,0.189136254952646,0.180295337137376,0.195738408277986,0.192555772580227,0.183381759513091,0.199533513207548,0.175552215638411,0.188690723011727,0.208755993390093,0.462629733795259,0.425965704709517,0.434145650404017,0.41096429902072,0.453596535937641,0.395929558116343,0.403018488512543,0.384179935661499,0.417086599646353,0.410304922443756,0.390756597978745,0.425173348814785,0.374073117918794,0.402069132666101,0.444824948791937,1.0144099769059,0.93401662087789,0.951952818914658,0.90112298156619,0.994602849605713,0.868156248000498,0.883700172643005,0.842392806154051,0.914547373434198,0.899677164037941,0.856813478631424,0.932279219093784,0.820231548448323,0.881618516467636,0.975369357108581,1.92205246801526,1.7697272229137,1.80371181936703,1.70740202692746,1.88452292988145,1.64493833566369,1.67439017407413,1.59612307545048,1.73283788235961,1.70466256535695,1.62344663274644,1.76643528231463,1.55413305067023,1.67044595775083,1.84808028581812
"8",8,0.325329985630644,0.295453202729685,0.302083027400563,0.283349906370679,0.317931075466031,0.271293387102473,0.276968742934001,0.261924076343769,0.288280702265369,0.282819582487891,0.267162604235302,0.294812120424994,0.253902831718548,0.276207722545388,0.310769905234241,0.215631436292438,0.195828854626802,0.200223157885928,0.187806688539939,0.210727376733644,0.179815526700212,0.183577200027221,0.173605469142642,0.191074861311582,0.187455185433565,0.177077609256378,0.195403939911749,0.168288921096705,0.183072789346704,0.205980893191335,0.45947539540806,0.417279326053039,0.42664286906071,0.400185399498697,0.449025644928147,0.383157537934491,0.391173049814584,0.369924918883986,0.407149342244391,0.399436403751299,0.377323482744162,0.416373902149779,0.358596222764279,0.390098232984238,0.438911663219827,1.00749344712675,0.914969965359173,0.935501441726346,0.877488047586687,0.984580239503804,0.840150990769351,0.857726634155843,0.811135776647017,0.892757911332539,0.87584572176256,0.827358635763675,0.912984638922713,0.786295301576619,0.855369879203877,0.962403273343422,1.90894737891445,1.7336385880613,1.77254058599303,1.66261975524156,1.86553259764804,1.59187539759725,1.62517683342402,1.5368988445433,1.69155231699386,1.65950795973934,1.5676370934893,1.72987689243144,1.48983237486863,1.62071137392041,1.82351280928627
"9",9,0.323111795170287,0.289428261365146,0.296862514653282,0.275918116851195,0.314727284917935,0.262541919715799,0.268828133112888,0.252205369675015,0.281412297610656,0.275328007927793,0.257978303656303,0.288710647844201,0.243397860049358,0.26798412448895,0.306638681925255,0.214161201097211,0.191835473083767,0.196762958360523,0.182880836269658,0.208603877554413,0.174014980898702,0.178181535730798,0.167163829052732,0.186522425243131,0.182489707138184,0.170990177993772,0.191359832838296,0.161326137986357,0.177622119753602,0.203242683818981,0.456342564178602,0.408770081783976,0.419269748645327,0.389689212307606,0.444500814774426,0.370797521595701,0.379675769878435,0.356198835255929,0.397448844030464,0.388855779968473,0.364352160313178,0.407756570054809,0.343759668420556,0.378483745738821,0.43307698597747,1.00062407617419,0.896311713085472,0.919334372547858,0.854473018010515,0.97465862721554,0.813049135931941,0.832516504709924,0.781038540868592,0.871487592002999,0.852645547750536,0.798916367732809,0.894089382062035,0.753763132436277,0.829902748845128,0.949609554361901,1.89593164396145,1.69828587993741,1.74190804498642,1.61901204691317,1.84673363093882,1.54052418047208,1.57740996142587,1.47987213184791,1.65125039696788,1.61554944914365,1.51374612957014,1.69407512006163,1.42819207419177,1.5724575496544,1.79927192078621
"10",10,0.320908728950351,0.283526181821399,0.291732221318786,0.268681250619915,0.311555778958129,0.254072759915896,0.260926790465238,0.242847276129849,0.274707535482585,0.268034876802537,0.249109733556749,0.282735452187168,0.233327520908776,0.260005369568579,0.302562377080835,0.212700990375068,0.187923525383454,0.193362557016718,0.178084180785589,0.206501776870403,0.168401550927582,0.172944459718734,0.160961206358142,0.182078452810426,0.177655758811658,0.165112015534447,0.187399423166385,0.154651432952247,0.172333734239521,0.200540874864408,0.453231093465095,0.400434359742135,0.412024048394681,0.379468322380454,0.440021581321364,0.358836218550453,0.368516415691498,0.342982058684917,0.387979464120892,0.378555425080977,0.351826755545163,0.399317583461447,0.329536961437236,0.367215059377818,0.427319872084132,0.993801542506201,0.878033943659394,0.903446698049232,0.832061633792075,0.964836994986237,0.786821541249787,0.808047346339604,0.752058064611301,0.850724046658476,0.830059920411304,0.771451865057583,0.875585184061068,0.722576948737859,0.805193857400886,0.936985908830785,1.88300465391481,1.66365409137559,1.7118048868193,1.57654809512902,1.82812410136396,1.49082946705582,1.53104704376275,1.42496139833513,1.6119086865325,1.57275535034993,1.46170778575303,1.65901430614408,1.3691020783221,1.52564039794698,1.77535327881618
"11",11,0.31872068384955,0.277744458675387,0.286690588250909,0.261634195168178,0.308416232254908,0.245876800935862,0.25325768249821,0.233836415139299,0.268162517031588,0.260934932567385,0.240546040008813,0.276883920009146,0.223673831817564,0.252264168011492,0.29854026064174,0.211250735776361,0.184091350910502,0.190020920439387,0.17341333347422,0.204420859049039,0.162969200745558,0.167861310795937,0.154988732305813,0.177740359823352,0.172949856372157,0.15943592780423,0.183520978682971,0.14825288705669,0.167202801082075,0.197874982438242,0.45014083762559,0.392268621427224,0.404903566269816,0.369515509134934,0.435587485091137,0.347260766979952,0.357685055007832,0.330255691305734,0.378735696028333,0.368527915079101,0.33973193904227,0.391053251306425,0.315902704503519,0.356281878289451,0.421639290450539,0.987025526773124,0.860128898197888,0.887833589811275,0.810238062333079,0.955114335317126,0.761440004563898,0.78429738057143,0.724152910454204,0.830455201203234,0.808072561090538,0.744931514909033,0.85746395151135,0.692681061701376,0.78122062964405,0.924530075876704,1.87016580368702,1.62972852123857,1.68222196284837,1.53519790108656,1.80970209996597,1.44273782133095,1.48604681569005,1.37208813048578,1.57350430830478,1.53109481939131,1.411458374158,1.62467911569978,1.31245687098961,1.48021714440519,1.75175259958824
"12",12,0.31654755744971,0.272080637595147,0.281736083248201,0.25477197207979,0.305308322754934,0.237945229777744,0.245813983416583,0.22515990262111,0.261773436299768,0.254023057917594,0.232276742212243,0.271153491953601,0.214419554303293,0.244753447085044,0.294571612253781,0.209810369417465,0.18033732291315,0.186737033072592,0.168864994599647,0.202360910630675,0.157712089023854,0.162927564768227,0.149237867218232,0.173505623661175,0.168368608027284,0.153954968041029,0.179722803025131,0.142119074495937,0.162224632414892,0.1952445290837,0.447071652011167,0.384269400496761,0.397906138286787,0.359823741372417,0.431198071236079,0.336058719965998,0.34717204750808,0.318001536459447,0.369712164459743,0.358766022606854,0.32805290838833,0.382959958917238,0.302832551096531,0.345674213395636,0.416034223694218,0.980295711802727,0.842588976038611,0.872490302858156,0.788986886297552,0.945489650861997,0.736877233469396,0.761245469040479,0.697283178514052,0.810669269211767,0.786667622337267,0.719322859972924,0.839717758506726,0.664022086613522,0.75796116248511,0.912239824681237,1.85741449231625,1.59649476817764,1.6531502825346,1.49493225280114,1.79146573702397,1.39619753103581,1.44236922530822,1.32117672802895,1.5360149299647,1.49053782932313,1.36293639631564,1.59105453112457,1.25815530155276,1.43614628816823,1.72846565626102
"13",13,0.314389248030974,0.266532314297948,0.276867200588282,0.248089733514008,0.302231731650199,0.230269517736049,0.238589068047541,0.216805332557578,0.255536578007718,0.2472942711001,0.224291719667287,0.265541661632798,0.205548163117813,0.237466344634734,0.290655721138806,0.208379823877608,0.17665984781269,0.183509896910942,0.164435950972467,0.200321720306695,0.152624562865115,0.158138830415635,0.143700388283073,0.16937178180562,0.163908711829431,0.148662428292937,0.176003234938106,0.136239042197257,0.157394679944558,0.192649043691076,0.444023392959163,0.376433301294622,0.391029637858999,0.35038617231074,0.426852889492021,0.325218032106994,0.336968036219218,0.306202072675117,0.360903622190612,0.349262711752826,0.3167753700327,0.37503416643114,0.290303162006047,0.335382373025482,0.410503667957278,0.973611782585339,0.825406731513463,0.857412174215364,0.768293092720202,0.935961954324895,0.71310681596838,0.738871094676417,0.671410449394868,0.791354745074937,0.765829676481779,0.694594558726397,0.822338843176694,0.636548847499262,0.735394204960439,0.90011295408137,1.8447501229382,1.5639387245193,1.62458101071087,1.45572270446915,1.77341314185974,1.35115855205915,1.39997539791516,1.27215439584577,1.49941875126882,1.4510551485809,1.31608246790133,1.5581258456207,1.20610040437499,1.39338756399027,1.70548827818271
"14",14,0.312245654567036,0.261097133529679,0.272082460570239,0.241582758780765,0.299186143345324,0.222841411226947,0.231576505944023,0.208760759256942,0.249448315394073,0.24074372232291,0.216581199788573,0.260045974531552,0.197043816728324,0.230396202814617,0.2867918859674,0.20695903219571,0.173057364526991,0.180338531196293,0.160123073679806,0.198303078897842,0.147701151724928,0.153490845584048,0.138368377795896,0.165336430408911,0.159566953295888,0.143551831208609,0.172360647548695,0.130602290260176,0.152708530795078,0.190088061413366,0.440995917786447,0.368756997409587,0.384271975150923,0.341196134747275,0.422551494132107,0.314727046565692,0.327063939186503,0.294840428616904,0.352304947013683,0.340011132979032,0.305885521796898,0.36727240724688,0.278292163657945,0.325396954060512,0.405046632726627,0.966973426259116,0.808574870787911,0.842594621492583,0.748142062400467,0.926530268358845,0.690103192069485,0.717154343442532,0.646497729254392,0.772500397309409,0.745543704516084,0.670716347080196,0.805319604291501,0.610212285737525,0.71349913881639,0.888147292175278,1.83217210275813,1.53204657027658,1.5965054648969,1.41754155637237,1.75554246264591,1.30757245462838,1.35882760140622,1.22495103988408,1.46369449137334,1.41261831991161,1.27083924605688,1.52587865676438,1.15619922567446,1.3519019054522,1.68281635014412
"15",15,0.310116676720417,0.255772788065044,0.267380409064926,0.23524645100572,0.296171245425181,0.215652922913309,0.224770055661377,0.201014680272963,0.243505108106525,0.234366690259599,0.209135745944791,0.254664026933664,0.18889132902935,0.223536562004372,0.282979414733277,0.20554792786725,0.169528343807826,0.177221972119679,0.155923315874895,0.196304779332755,0.142936561529418,0.148979473391735,0.133234211839099,0.16139722289592,0.155340203092001,0.138616922109862,0.168793447653691,0.125198753206933,0.148161903476063,0.187561123583016,0.437989084782739,0.361237230263286,0.37763109644297,0.332247136348857,0.418293443921066,0.304574482534768,0.317450941390185,0.283900358960778,0.343911138760366,0.331004618184092,0.295370035982601,0.359671286508465,0.266778108162002,0.315708833343528,0.399662140656569,0.960380332095391,0.792086248764768,0.828033141491062,0.728519559574724,0.917193625465595,0.667841626303583,0.696075886611489,0.622509396908828,0.754095262026495,0.725795085268925,0.647659001339518,0.788652597937503,0.584965372457841,0.692255959671475,0.876340695933336,1.81967984302317,1.50080476728247,1.56891511266057,1.3803618353094,1.73785186621597,1.26539237123375,1.31888921269121,1.17949916693524,1.42882137645921,1.37519963986306,1.22715135921065,1.49429886020634,1.10836265753758,1.31165140926868,1.66044581164163
"16",16,0.308002214837769,0.250557017728155,0.262759617073042,0.229076333882784,0.293186728622852,0.208696323116043,0.218163659202246,0.193556019958276,0.237703500143098,0.2281585786464,0.201946245909529,0.249393464870578,0.181076142225098,0.216881154907491,0.279217624629347,0.204146444841155,0.166071287591705,0.17415927252841,0.151833710624607,0.194326616626733,0.138325668982614,0.144600698547362,0.128290549380947,0.157551868599621,0.151225414775693,0.133851661336796,0.165300075023041,0.120018782008681,0.14375064397095,0.185067777629772,0.435002753203982,0.353870807726936,0.37110498350735,0.323532855065257,0.414078302069957,0.294749423106727,0.308120486899808,0.27336622116631,0.335717316393113,0.322236675897179,0.285216043060355,0.352227479620315,0.25574043501266,0.306309159343257,0.394349227393764,0.953832191484133,0.775933866051111,0.813723308835045,0.70941172185939,0.907951067896368,0.646298181126087,0.675616963562039,0.599411152900288,0.736128636556601,0.706569584867525,0.625394302438178,0.772330534261323,0.560763024561467,0.671645258739403,0.864691050814309,1.80727275899471,1.470200053443,1.54180156902482,1.34415727554037,1.72033953787621,1.22457294623237,1.28012468509846,1.13573378812968,1.39477912765203,1.33877213881654,1.18496533931023,1.46337264350292,1.06250527880017,1.27259930065788,1.63837265614998
"17",17,0.305902169945204,0.245447608433083,0.258218680290846,0.223068048511817,0.290232286787896,0.20196413150247,0.211751436624715,0.186374113627996,0.232040117842462,0.222114912969435,0.19500390070915,0.244231983091799,0.173584300833784,0.210423900825169,0.275505841925423,0.202754517516705,0.162684728363951,0.171149501638217,0.147851368813461,0.192368387860703,0.133863516057434,0.140350623776235,0.123530321779074,0.153798131429062,0.147219622601729,0.129250216856067,0.161879001717432,0.115053126855337,0.139470721941699,0.18260757699963,0.432036783265751,0.346654602766289,0.364691652994707,0.315047134662946,0.409905636191357,0.285241303535109,0.299064271259112,0.263222953110364,0.327718715167077,0.313700986599267,0.27541111591901,0.344937730793141,0.245159434374383,0.297189344067164,0.389106941404515,0.947328697919501,0.760110865987053,0.799660774626859,0.690805050457789,0.89880164755362,0.625449691177249,0.655759365081353,0.577169970454075,0.718590073225578,0.687853346478484,0.603895001402292,0.756346274281404,0.537562024217062,0.65164820509628,0.853196270386638,1.79495026992106,1.44021943710749,1.51515659391935,1.30890230023139,1.70300368121959,1.18507028707796,1.24249951673697,1.09359232601323,1.36154794922982,1.30330956154838,1.1442295563848,1.43308648007469,1.01854520251188,1.23470989974225,1.61659293040468
"18",18,0.303816443743669,0.240442391243988,0.253756218683372,0.217217350319269,0.287307616854954,0.195449109042839,0.205527680808945,0.179458692310934,0.22651166792214,0.216231337239698,0.188300213854036,0.239177324056618,0.166402426767502,0.204158900100688,0.271843401847559,0.201372080740464,0.159367228535745,0.168191744750378,0.143973477102596,0.19042989216041,0.129545304664394,0.136225466351578,0.118946722673461,0.150133828569063,0.143319939384151,0.124806957123274,0.158528731419993,0.110292920638311,0.135318227046481,0.180180081074857,0.429091036136707,0.339585552114212,0.358389155831365,0.306783980376004,0.405775018255012,0.276039899874366,0.290274234094751,0.253456051550672,0.31991068385939,0.305391398168327,0.265943254656622,0.33779885161992,0.235016211886055,0.288341055215055,0.383934343804348,0.940869546985493,0.744610531735098,0.78584126512524,0.67268640062389,0.889744425893784,0.605273738372782,0.636485417158137,0.55575404825571,0.701469373279351,0.669632880320427,0.583134786001228,0.740692826765543,0.515320941687142,0.632246528475777,0.841854295954768,1.78271179901026,1.41085019155363,1.48897208967644,1.27457200338576,1.68584251794145,1.14684191712376,1.2059802197884,1.05301452507151,1.32910851711168,1.26878634830643,1.10489415535705,1.40342712329019,0.976403929711746,1.19794858894973,1.59510273369405
"19",19,0.301744938604341,0.235539241454409,0.249370876065027,0.211520106059583,0.284412418812652,0.189144250226296,0.19948685237762,0.172799868066617,0.221114935563444,0.210503610853459,0.181826980940038,0.234227276946699,0.159517695443139,0.198080428729213,0.268229648458986,0.199999069803231,0.156117379833866,0.165285102973737,0.140197295942279,0.188510930675804,0.12536639149229,0.132221554727761,0.114533198254439,0.146556829210901,0.139523554415331,0.120516444190704,0.155247798781835,0.105729663116623,0.131289365366999,0.177784855095075,0.426165373932107,0.332660654970333,0.352195576626983,0.298737554671098,0.401686024543927,0.267135317986201,0.28174255194226,0.244051551388538,0.312288682064453,0.297301921445163,0.256800871894203,0.330807719681345,0.225292654921555,0.279756208566286,0.378830508189863,0.934454436341704,0.729426283428855,0.772260580446502,0.655042972376147,0.880778473830993,0.585748627798011,0.617777965252102,0.535132764980167,0.684756580953295,0.651895053941208,0.563088248545001,0.725363345173047,0.494000061347514,0.613422502576543,0.830663096190438,1.77055677340306,1.382079849585,1.46324009856992,1.24114213224898,1.66885428765713,1.10984672994808,1.17053429070168,1.01394236557413,1.29744196762081,1.23517761638781,1.06691099502732,1.37438160067209,0.93600620925356,1.16228178138543,1.57389821716051
"20",20,0.299687557564055,0.230736077685326,0.24506131968743,0.205972290895257,0.281546395672833,0.183042775527957,0.193623574765694,0.166388119847126,0.215846782542044,0.204927605535843,0.175576279607397,0.229379676699112,0.152917812881679,0.19218293312806,0.264663934542641,0.198635420437011,0.152933802702888,0.162428692951515,0.136520157636538,0.18661130656065,0.12132228301531,0.128335325272489,0.11028343789179,0.143065053313236,0.135827731440141,0.11637342705203,0.152034768781134,0.101355205738123,0.127380455942189,0.1754214700794,0.423259659707339,0.325876971727207,0.34610903309245,0.290902173123534,0.397638235610902,0.258517982900543,0.273461631282873,0.234996005700991,0.304848277553674,0.289426725916713,0.247972778594333,0.323961277180133,0.215971400246258,0.271426960593634,0.373794520472811,0.928083065709167,0.7145516753799,0.758914593288152,0.637862301454916,0.871902871641776,0.566853364379639,0.599620359025766,0.515276635508298,0.668441977682919,0.634627082752654,0.543730854788707,0.710351124660183,0.473561310767583,0.595158928866598,0.819620666768871,1.75848462414615,1.35389619823877,1.4379528003968,1.20858907017537,1.65203724772132,1.07404494515309,1.13613018126357,0.976319980615883,1.26652988651514,1.20245914220461,1.03023358915527,1.34593720822324,0.897279903430811,1.12767689014506,1.55297558311136
"21",21,0.29764420432077,0.226030861001621,0.240826239834376,0.200569985553476,0.278709253440086,0.177138124118985,0.187932629435043,0.160214279883528,0.21070414540308,0.199499302365359,0.169540459844851,0.224632403059368,0.146590993754993,0.186461025062681,0.261145621485248,0.197281068812005,0.149815145719556,0.159621646592856,0.132939464458562,0.184730824952331,0.11740863066121,0.124563319095034,0.106191365111565,0.139656470392556,0.132229806683794,0.112372835215784,0.148888236095477,0.0971617370887301,0.123587927405112,0.173089502749608,0.420373757451522,0.319231622722457,0.340127675467839,0.283272300401479,0.393631236235504,0.250178628519714,0.265424101785007,0.226276466513844,0.297585143698105,0.281760135513685,0.239448170367299,0.317256529603596,0.207035803011733,0.26334570129707,0.368825478716388,0.921755136856301,0.699980393341588,0.745799247674561,0.621132250517031,0.863116708870711,0.548567630310045,0.581996437525036,0.496157268767857,0.652516076452469,0.617816520816044,0.525038913905927,0.695649599147592,0.45396819272488,0.577439120869938,0.808725030009803,1.74649478616548,1.32628727360131,1.4131025101006,1.17688981994395,1.63538967304938,1.03939806558953,1.10273727051963,0.940093576236027,1.23635429827939,1.17060734382469,0.994817049567084,1.31808150487019,0.860155859161297,1.09410229854195,1.53233108433855
"22",22,0.29561478322906,0.221421594046552,0.236664349423804,0.195309373557334,0.275900701081593,0.171423946811823,0.182408951229769,0.154269520577438,0.205684033679744,0.194214788877253,0.163712134627054,0.21998337965406,0.140525940340931,0.180909476723713,0.257674079162942,0.195935951533622,0.14676008501911,0.156863110809,0.129452686815529,0.18286929295186,0.113621226135357,0.120902178967691,0.102251128907699,0.136329098342442,0.12872718693192,0.108509772499764,0.145806824487197,0.0931417689436807,0.119908314719986,0.170788535454332,0.417507532081132,0.312721787016363,0.334249685960244,0.275842546355505,0.389664615381477,0.242108287654729,0.257622809744388,0.217880466288176,0.290495056952486,0.274296624519518,0.231216614247985,0.310690544413899,0.198469907033239,0.255505047250904,0.363922492973697,0.915470353584954,0.685706251828664,0.732910557724315,0.604841000561342,0.854419084237036,0.530871763199837,0.564890514795343,0.477747327138832,0.636969616278192,0.601451251871657,0.506989549494369,0.681252338448407,0.435185720032435,0.560246888920967,0.797974234523288,1.73458669823985,1.29924135572953,1.38868167543579,1.14602198751205,1.61890985594031,1.00586883596129,1.07032583752035,0.905211354501563,1.20689765567221,1.13959926397493,0.960618031218353,1.29080230702167,0.824567784501328,1.06152733122055,1.51196102344758
"23",23,0.293599199295633,0.216906320193881,0.232574383616636,0.190186738529668,0.273120450497272,0.165894099233003,0.177047623868025,0.148545341878975,0.200783528154315,0.189070256243591,0.158084170873862,0.215430573082694,0.134711822349115,0.175523215950603,0.25424868582842,0.194600005639516,0.143767323733311,0.154152247254026,0.126057361461562,0.181026519604091,0.109955996895612,0.117348646337718,0.0984570953760175,0.133081002280965,0.125317347661496,0.104779511038774,0.142789186201435,0.0892881228959036,0.116338256016359,0.168518156094256,0.414660849433684,0.306344701194378,0.328473278191342,0.268607662210703,0.385737966154575,0.234298282383006,0.250050811716987,0.209796000093755,0.283573894399236,0.267030813587706,0.223268035927339,0.304260449765416,0.190258416296964,0.247897834857929,0.359084685128358,0.909228421716532,0.671723191491541,0.720244606438866,0.588977042579139,0.84580910554219,0.51374673493516,0.548287365920553,0.460020487365043,0.621793556823027,0.585519480605947,0.489560671578256,0.6671530454558,0.417180353062584,0.543566525372846,0.787366354860204,1.72275980297461,1.27274696367579,1.3646828746726,1.11596376619488,1.60259610590162,0.973421202765346,1.03886703486843,0.87162343944453,1.17814282952242,1.1094125534947,0.927594679145674,1.2640876832397,0.790452130269023,1.02992222612995,1.49186175219531
"24",24,0.291597358174891,0.212483122717286,0.228555099432386,0.185198461567613,0.270368216490224,0.160542635216185,0.171843875566332,0.143033559133059,0.195999779160616,0.184061996528031,0.15264968072041,0.210971992028314,0.129138257581429,0.170297321597436,0.250868827999582,0.193273168596635,0.140835591439915,0.151488232070066,0.122751089757564,0.179202315878135,0.106409001773177,0.113899558427106,0.0948038396586577,0.129910293425542,0.121997831221293,0.101177485498353,0.139834001376654,0.0855939175376256,0.112874489517548,0.166277958048313,0.411833576261449,0.300097658194063,0.322796696654488,0.261562536858662,0.381850885760824,0.226740214717117,0.24270136833909,0.202011508443918,0.276817631350959,0.259957465864616,0.215592707422779,0.297963433248635,0.182386667646125,0.240517113804419,0.354311188737245,0.903029049078234,0.658025276544109,0.707797544512118,0.573529169423572,0.837285889578296,0.497174131217041,0.532172213472218,0.442951402916119,0.606979073139612,0.570009724150037,0.472730949573183,0.653345553388742,0.39991993985568,0.527382790246228,0.776899491167408,1.71101354677558,1.24679285061424,1.34109881434147,1.08669392126018,1.58644674947593,0.942020275523869,1.00833286304351,0.83928180574739,1.15007309876826,1.08002545522767,0.895706577241819,1.23792594902102,0.757747976565327,0.999258107331855,1.47202967083657
"25",25,0.289609166164509,0.208150123976713,0.224605275371398,0.180341018686011,0.267643716737479,0.155363800408337,0.166793074792517,0.137726291376667,0.191330004926924,0.179186400013319,0.147402013087294,0.206605686386537,0.123795293392651,0.165227019036742,0.247533900349658,0.191955378298293,0.137963643623387,0.148870255636931,0.119531535976692,0.177396494647965,0.10297642673472,0.11055184541758,0.0912861381873931,0.126815127994601,0.118766245060516,0.0976992874874304,0.136939977467351,0.0820525561723279,0.109513850560521,0.164067540100854,0.409025580225219,0.29397800615594,0.317218216181203,0.254702193246716,0.378002975465206,0.219425957574554,0.235567938329013,0.194515860767367,0.270222339010068,0.253071483215016,0.208181235172467,0.291796740660066,0.174840604597154,0.233356140709986,0.349601148875301,0.896871945489375,0.644606692244009,0.695565589160585,0.558486467892327,0.82884856203756,0.481136131760752,0.516530714357107,0.426515667746036,0.592517550538533,0.554910803803411,0.456479786180374,0.639823823094759,0.383373658706736,0.511680897305291,0.766571768847478,1.69934737982315,1.2213679990666,1.31792232701652,1.05819177492687,1.57046013006926,0.91163228926706,0.978696145481484,0.808140210074544,1.12267214073407,1.05141678834022,0.864914698791905,1.21230566168645,0.72639692399011,0.969506958618105,1.45246122747943
"26",26,0.28763453020105,0.203905484621328,0.220723711043627,0.175610978327888,0.264946671761035,0.150352026082154,0.161890726143474,0.132615950070325,0.186771489958354,0.174439952599577,0.142334745540557,0.202329746412611,0.118673388918145,0.160307675797169,0.244243305598799,0.190646573061265,0.135150261146604,0.146297522326055,0.116396425654272,0.175608870673223,0.099654580781192,0.107302527718351,0.0878989612147721,0.123793706135415,0.115620260004366,0.0943406601630449,0.134105848678728,0.0786577150351073,0.106253268704507,0.161886506369799,0.406236729888111,0.287983147297787,0.311736141416878,0.248021784861882,0.374193840550751,0.212347646038791,0.22864417266511,0.187298339493236,0.263784182184171,0.246367902547574,0.201024548538856,0.285757674797592,0.167606752239205,0.226408372966508,0.344953721982426,0.890756822747801,0.631461742424282,0.683545022973768,0.543838311017958,0.820496257422583,0.465615491133914,0.501348947051313,0.410689781396394,0.578400579578847,0.54021183697683,0.440787292178386,0.626581940408515,0.36751196312749,0.496446500548319,0.756381338222974,1.68776075604653,1.19646161622521,1.29514636913725,1.03043719175712,1.55463460778113,0.882224568226124,0.949930504386414,0.778154124951802,1.09592402163855,1.02356593305538,0.835181358709984,1.18721561537609,0.696342989359079,0.940641597913772,1.43315291744909
"27",27,0.28567335785561,0.199747402808705,0.216909226803828,0.171004998940212,0.26227680489919,0.145501923148088,0.157132466344083,0.127695228247715,0.182321583457791,0.169819233271503,0.137441676431496,0.198142301886125,0.113763398036855,0.155534797331032,0.240996454407101,0.189346691622903,0.132394249733333,0.143769250258701,0.113343543980999,0.173839260580217,0.0964398919789548,0.104148713314166,0.0846374656223877,0.120844270877476,0.112557608575278,0.0910974930205524,0.131330375413051,0.0754033320004077,0.103089764925698,0.159734466235729,0.403466894709416,0.282110536811882,0.306348806305538,0.241516592307032,0.370423090278054,0.205497668902254,0.221923908934912,0.180348624726693,0.257499417055891,0.2398418922377,0.194113888707466,0.27984359428077,0.160672193172177,0.219667462760484,0.340368075712395,0.884683394616403,0.618584847075353,0.671732192784394,0.529574350560425,0.812228118957585,0.45059552021273,0.486613399209572,0.395451115394541,0.564619951177952,0.525902229348678,0.425634262081389,0.613614113565063,0.352306529085611,0.481665681100508,0.746326374205163,1.67625313309819,1.17206312937153,1.272764018868,1.00341056443165,1.53896855923632,0.853765490697494,0.922010337253237,0.749280675099251,1.0698131873292,0.99645281579099,0.806470167417605,1.16264483614807,0.667532505735308,0.91263565244229,1.41410128266018
"28",28,0.283725557329492,0.195674113439957,0.213160663393045,0.166519826613242,0.259633842278158,0.140808276359536,0.152514060363733,0.122957090067893,0.177977697784433,0.165320911632666,0.132716817306689,0.194041521293012,0.109056553039188,0.150904022907881,0.237792765269058,0.188055673138259,0.129694439461264,0.141284671068334,0.110370734238273,0.172087482843113,0.0933289036189273,0.101087595191304,0.0814969879959966,0.117965107110815,0.109576083358635,0.0879658168629222,0.128612343727472,0.0722835957569582,0.100020448895469,0.157611034271929,0.400715945038487,0.276357681784735,0.301054573583513,0.23518201996685,0.366690337845188,0.198868660482095,0.21540116585034,0.173656779493147,0.251364389005819,0.233488748645139,0.187440797967275,0.274051912395531,0.154024544440274,0.213127251273375,0.335843388783788,0.878651376809715,0.605970539976333,0.660123508558187,0.515684509696552,0.804043298500509,0.436060068236402,0.472310955638766,0.3807778808985,0.551167651837969,0.511971667229077,0.41100215063426,0.600914670666626,0.337730204426824,0.467324934497016,0.736405075967152,1.66482397232848,1.14816218138803,1.25076847399427,0.977092799898047,1.52346037741839,0.826224455040457,0.894910794080597,0.7214785761265,1.04432445423752,0.970057894691645,0.778745986307902,1.13858257717876,0.639914026596855,0.885463534630027,1.39530291099742
"29",29,0.281791037449907,0.191683887410448,0.209476881586308,0.162152292781798,0.257017512783983,0.13626603870496,0.148031397646985,0.118394760755161,0.173737306949071,0.160941745505114,0.128154385578934,0.190025611024473,0.104544448970628,0.146411121630329,0.234631664409413,0.186773457177248,0.127049684265376,0.138843029667112,0.107475896274584,0.17035335776531,0.090318270499637,0.0981164488392295,0.0784730379575873,0.115154540588648,0.106673535411765,0.0849417989429787,0.125950564803073,0.0692929354305868,0.097042516339634,0.155515830175358,0.397983752108671,0.270722140138851,0.295851834281858,0.229013592761252,0.362995200348028,0.19245349269998,0.209070137924137,0.167213235529975,0.245375530487334,0.227303892723807,0.180997109359633,0.268380095962799,0.147651935419913,0.206781763054602,0.331378850832899,0.872660486980607,0.59361346637461,0.648715442302819,0.502158975901212,0.795940956456026,0.421993505440455,0.458428886624904,0.36664909754242,0.538035858985853,0.49841011012626,0.396873050115702,0.58847805720181,0.323756960389647,0.453411158344638,0.72661566662136,1.65347273876041,1.1247486263616,1.22915304985551,0.951465305882413,1.50810847150476,0.799571846771652,0.868607755253401,0.694708075502644,1.01944300054967,0.944362145543846,0.7519748847407,1.11501831406228,0.613438233969348,0.859100418728249,1.37675443570454
"30",30,0.279869707665708,0.187775030875792,0.205856761846407,0.15789931198681,0.254427548034719,0.131870325980907,0.143680488455021,0.114001716912232,0.169597945145214,0.156678578592563,0.12374879745015,0.186092814592485,0.100219028623111,0.1420519885685,0.231512585680397,0.185499983721811,0.124458861451442,0.136443584016406,0.104656985021846,0.168636707461011,0.0874047553301727,0.0952326298256749,0.075561291744861,0.112410936953805,0.103847872715086,0.0820217382726381,0.123343874424898,0.0664260106363796,0.0941532464763292,0.15344847869854,0.395270188031284,0.265201519596073,0.290739007237368,0.223006952983945,0.359337298740975,0.186245267417366,0.202925190302765,0.161008779605441,0.239529358952063,0.22128286672143,0.174774936683008,0.262825664230525,0.141542986622498,0.200625200562099,0.326973662268601,0.866710444707074,0.581508380712771,0.63750452699572,0.488988194015246,0.787920261689404,0.408380706250272,0.444954836603202,0.353044563438036,0.525216936424539,0.485207783509866,0.38322966842162,0.576298833616163,0.310361845126158,0.43991164035083,0.716956392901281,1.64219890106461,1.10181252527667,1.20791117731356,0.926509977754798,1.4929112667036,0.773779006721031,0.843077810075449,0.668930895716531,0.995154357587561,0.919347048064241,0.726124098516014,1.09194174020729,0.58805785035949,0.833522218131133,1.35845253478127
"31",31,0.27796147804315,0.183945884532822,0.202299203983654,0.153757879695592,0.251863682352907,0.127616411540095,0.139457460314629,0.10977167719282,0.16555720531521,0.15252833820549,0.119494661077565,0.182241411861547,0.0960725681473706,0.13782264100957,0.228434970460334,0.18423519316311,0.121920871219438,0.134085604901288,0.101912009050657,0.166937355836972,0.0845852252491709,0.0924335714429964,0.0727575860289472,0.109732700788335,0.101097058664274,0.0792020610934006,0.120791132472744,0.0636777019424222,0.0913499995301732,0.151408609582352,0.39257512578962,0.259793476662063,0.285714538612053,0.217157857223913,0.355716257798068,0.180237309018034,0.196960853751172,0.155034540345261,0.233822474824757,0.215421330966611,0.168766664841345,0.25738618778865,0.135686789374213,0.194651938865393,0.322627034129141,0.860800971479103,0.569650144401865,0.626487355530415,0.476162859495179,0.779980391441257,0.395207033016776,0.431876813161159,0.339944826289209,0.512703429892452,0.472355171765912,0.370055307901932,0.564371672933004,0.297520939145787,0.42681404670915,0.707425524847478,1.63100193153446,1.07934414179606,1.18703640075623,0.902209185739122,1.47786720409223,0.748818200215067,0.81829823593304,0.644110179546081,0.971444401395209,0.894994572551079,0.701161989775104,1.06934276232913,0.563727554332232,0.808705563369083,1.34039393038838
"32",32,0.276066259261682,0.180194822915215,0.198803126821526,0.149725070179273,0.249325652738317,0.123499721208916,0.135358554571553,0.105698593320325,0.161612737750533,0.148488033046482,0.115386769974829,0.178469718296319,0.0920976632605547,0.133719214818967,0.225398267553591,0.182979026298736,0.119434636196687,0.131768375708911,0.0992390291634453,0.165255128574441,0.0818566484560955,0.0897167824237071,0.0700579119615128,0.107118274685769,0.0984191106023765,0.0764793165025542,0.118291222422497,0.0610431017280938,0.088630214320444,0.149395857489719,0.38989843923301,0.254495715631492,0.280776901420905,0.211462173367646,0.3521317060745,0.174423157229891,0.191171819784968,0.14928197554796,0.228251559526429,0.209715060740995,0.16296494052422,0.25205928750652,0.130072886336536,0.188856520506399,0.318338187940837,0.854931790685642,0.558033723640089,0.615660579681072,0.463673911839998,0.772120531243139,0.382458320276777,0.419183176364863,0.327331155578277,0.500488062728822,0.459843011338394,0.357333844924905,0.552691358423504,0.285211312602583,0.414106410830501,0.698021355497751,1.61988130606141,1.05733393812793,1.16652237613539,0.878545762458557,1.46297474045723,0.724662587254051,0.79424697807098,0.620210437358383,0.948299344525617,0.871287166889251,0.677058008280028,1.04721149603515,0.54040389958085,0.784627780757267,1.32257538826066
"33",33,0.274183962609766,0.176520253703484,0.195367467868086,0.145798034445912,0.246813198840974,0.119515828368893,0.13138012304515,0.101776641439765,0.157762248725413,0.144554751054251,0.111420096639981,0.17477608422484,0.0882872160244909,0.129737960909917,0.222401933091859,0.18173142432994,0.116999100980511,0.129491192210731,0.0966361570245155,0.163589853111276,0.079216090951185,0.0870798447231553,0.0674584094427535,0.104566138345476,0.0958120983908094,0.073850172229738,0.115843050857777,0.0585175054205901,0.0859914059210608,0.147409861940175,0.387240003070914,0.249305987613519,0.275924595067837,0.205915877679992,0.34858327586851,0.168796560178332,0.185552935945673,0.1437428599709,0.222813373544581,0.204159943234293,0.157362663207388,0.246842633492302,0.124691252832702,0.18323365051323,0.314106355578658,0.849102627601648,0.546654187275939,0.605020909084944,0.451512528190334,0.764339874834004,0.370120859521051,0.406862628399007,0.315185515784422,0.488563731642273,0.447662284052549,0.345049710144015,0.541252781324976,0.273410984349671,0.401777122409882,0.688742200581419,1.6088365041104,1.03577257097706,1.14636286903892,0.855502990807577,1.44823234813616,0.701286193651425,0.770902629963025,0.597197496365228,0.925705728023305,0.848207743899555,0.653782654024288,1.02553826150144,0.51804523734541,0.761266871679853,1.30499371712763
"34",34,0.272314499980723,0.172920617049046,0.191991182993078,0.141973998227813,0.244326062934448,0.115660449196798,0.127518624781372,0.0980002137906101,0.154003499163029,0.140725657304755,0.107589786402469,0.171158894116988,0.0846344221709862,0.125875241818094,0.219445430436751,0.180492328858878,0.114613231690218,0.127253362348478,0.094101553826029,0.161941358624242,0.0766607133805652,0.0845204113673731,0.0649553616020717,0.102074807688607,0.0932741430182004,0.0713114105586943,0.113445546991704,0.056096403094026,0.0834311633902366,0.145450267245307,0.38459969286706,0.244222089577138,0.271156144889635,0.200515051961577,0.345070603183667,0.16335146766369,0.180099201214835,0.138409273569505,0.217504754549414,0.198751974579964,0.151952976462698,0.241733944073927,0.119532278946757,0.177778191562451,0.309930779128651,0.843313209375233,0.535506704714951,0.594565110242392,0.439670117095513,0.756637624077493,0.358181384453777,0.394904203511408,0.303490540595778,0.47692350258023,0.435804210614982,0.33318786944318,0.530050938606395,0.262098882687794,0.389814916818661,0.679586398217674,1.59786700869554,1.01465088757854,1.12655175279607,0.833064592142101,1.4336385148608,0.678663883104108,0.74824441425926,0.575038451761515,0.903650413597863,0.825739669023064,0.631307441128823,1.00431357923911,0.496611642041105,0.738601492491013,1.28764576814198
"35",35,0.270457783868609,0.169394384912061,0.188673246110607,0.138250260021638,0.241863989889416,0.111929438058324,0.123770622901183,0.0943639106885765,0.150334303333474,0.136997991967923,0.103891151481691,0.167616565877878,0.0811327589515306,0.122127528378261,0.216528230083688,0.179261681885879,0.11227601552822,0.125054206023838,0.0916334289889715,0.160309476011491,0.0741877679831316,0.0820362043641816,0.0625451894835496,0.0996428339950921,0.090803415246088,0.0688599243892203,0.111097662198551,0.0537754714161177,0.0809471475677262,0.143516722445049,0.381977385033616,0.239241863415996,0.266470101707795,0.195255880780778,0.341593327691534,0.158082024655541,0.174805761562934,0.133273590172872,0.212322615554921,0.193487256969413,0.146729259566759,0.236730984801128,0.11458675236326,0.172485159285376,0.305810710752199,0.837563265014886,0.524586543869117,0.584290005534199,0.428138312444108,0.749012988880068,0.346627056727472,0.383297258253076,0.292229508078398,0.465560606696728,0.424260244285966,0.321733805537037,0.519080930780163,0.25125480773784,0.378208864812661,0.670552308617941,1.5869723063559,0.993959921812527,1.10708300661542,0.811214714779392,1.41919174360208,0.656771330163788,0.726252164293481,0.553701619676671,0.882120575983983,0.803866748331719,0.609604862979152,0.983528165948061,0.476064839963629,0.716610935014355,1.27052843431567
"36",36,0.268613727364124,0.16594006041279,0.185412648867302,0.134624189179918,0.239426727147493,0.108318783050333,0.120132781541608,0.0908625328049522,0.146752527582739,0.133369068318496,0.100319665249786,0.164147550155878,0.0777759734897055,0.118491396499856,0.213649809567065,0.178039425806729,0.109986460350101,0.122893054891759,0.089230038898192,0.158694037875212,0.0717945956359217,0.0796250126756919,0.0602244469286176,0.097268803061205,0.0883981342904925,0.0664927134344986,0.108798369555096,0.0515505659280613,0.0785370889376575,0.14160888124483,0.379372956825404,0.234363195032282,0.261865041388103,0.190134648778302,0.338151092694697,0.152982564996873,0.169667905629113,0.128328466579568,0.207263943123785,0.188361995842641,0.141685119398069,0.23183156746813,0.109845841916956,0.167349717714113,0.301745412552089,0.831852525376794,0.513889069148123,0.574192472255855,0.416908967553664,0.741465187109958,0.335445452138107,0.372031462005142,0.281386316766574,0.454468436416307,0.413022064719352,0.310673500203754,0.508337959759156,0.240859395370168,0.36694836254669,0.661638313792191,1.57615188713144,0.973690890398096,1.08795071375518,0.789937922799579,1.40489055241646,0.635584994080114,0.704906306134096,0.533156491871815,0.8611036954835,0.782573216856513,0.588648358561006,0.963172930456663,0.456368140944301,0.695275107622933,1.25363864996342
"37",37,0.266782244150534,0.162556177196165,0.18220840033587,0.131093224052626,0.237014024695327,0.104824601686925,0.116601862886689,0.0874910737323912,0.143256089091993,0.129836270799564,0.0968709566916558,0.160750329664955,0.0745580716155006,0.114963524038576,0.210809653366681,0.176825503409978,0.107743594243455,0.120769252157341,0.0868896856706206,0.157094878504463,0.0694786229947975,0.0772846902503976,0.0579898156486012,0.0949513343771966,0.0860565665384111,0.0642068805491526,0.106546663391461,0.0494177136438249,0.0761987855549927,0.139726401953545,0.376786286334161,0.229584013439293,0.257339564407826,0.185147738042454,0.334743545090187,0.148047605311349,0.16468106052789,0.12356683205804,0.202325795615059,0.183372497153298,0.136814382612702,0.22703354915657,0.105301081823082,0.162367174863186,0.297734156440352,0.82618072315224,0.503409739491549,0.56426944166854,0.405974149415447,0.733993444516934,0.324624547265531,0.361096787784218,0.270945462640334,0.44364054159167,0.402081571965661,0.299993417128624,0.497817326758128,0.230894082626329,0.356023121886353,0.652842817259166,1.56540524453922,0.953835189164755,1.06914905972501,0.769219185140903,1.39073347429396,0.615082093487661,0.684187841162591,0.513373692117876,0.840587550685139,0.761843727224842,0.568412279953248,0.943238969745445,0.437486372832888,0.674574516882578,1.23697339015369
"38",38,0.264963248499641,0.159241298809328,0.179059526713938,0.127654870177488,0.234625635038946,0.101443136724649,0.113174724285703,0.0842447128265558,0.139842954666402,0.126397053137393,0.0935408050554341,0.157423418521036,0.0714733071615993,0.111540687761109,0.208007252815407,0.175619857874257,0.105546465115308,0.118682152376223,0.0846107159557925,0.155511833858169,0.0672373597273653,0.0750131541131086,0.0558381004801025,0.0926890803245225,0.0837770242983113,0.0619996281835334,0.104341558851252,0.0473731059556366,0.0739301010337263,0.137868947422366,0.374217252482826,0.224902289882304,0.252892295430382,0.180291625553255,0.331370335333247,0.14327183910711,0.15984078777912,0.1189818782366,0.197505301473582,0.178515164706192,0.132111088088972,0.222334831298221,0.100944356560117,0.15753297844272,0.293776224007865,0.820547592855092,0.493144106441196,0.554517898066504,0.395326133090148,0.726596994652883,0.31415270654486,0.350483503318002,0.260892016957184,0.433070625752896,0.39143088063402,0.289680485337452,0.487514430238543,0.221341074571413,0.345423161008321,0.644164243760447,1.55473187554958,0.934384389399997,1.05067233051892,0.749043864980969,1.37671905700766,0.595240581909454,0.664078329164041,0.494324934192314,0.820560211357705,0.741663338598846,0.54887186093829,0.923717565053059,0.419385818691134,0.654490249741762,1.22052967016688
"39",39,0.263156655267764,0.155994018091856,0.175965071028109,0.124306698517763,0.232261313178376,0.0981707521223939,0.109848315456092,0.0811188083133711,0.136511139552828,0.123048936506198,0.0903251346868594,0.154165361592115,0.0685161717025186,0.108219760400234,0.205242106008088,0.174422432765623,0.103394140287962,0.116631121258433,0.0823915197678338,0.153944741548298,0.065068395835157,0.0728083825110243,0.0537662248164301,0.0904807253921969,0.0815578645837226,0.0598682549598981,0.102182091460799,0.0454130918330011,0.0717289625949801,0.136036184984358,0.371665735019875,0.220316036977369,0.248521882887367,0.175562880693589,0.328031117401486,0.13865013107078,0.155142779357573,0.114567049368554,0.192799657560161,0.173786497565324,0.127569479631827,0.217733358757114,0.0967678863779963,0.152842711699242,0.289870906395683,0.814952870809378,0.483087812252724,0.544934877860563,0.384957396250568,0.719275078793189,0.304018669754924,0.340182162383193,0.251211604906408,0.422752542446014,0.381062314208744,0.279722083199455,0.477424763895948,0.212183312517864,0.335138795280458,0.635601038978335,1.54413128056271,0.915330234271321,1.03251491087873,0.729397709396514,1.3628458629647,0.576039124050704,0.644559871914627,0.475982981434367,0.801010031512598,0.722017505906754,0.530003186691604,0.904600178062854,0.402034156584844,0.635003956251726,1.20430454496082
"40",40,0.261362379891756,0.152812956578429,0.172924092843127,0.121046343746241,0.229920816582506,0.0950039291316074,0.106619675768589,0.0781088906520338,0.133258706285679,0.119789507741514,0.0872200100412256,0.150974733861796,0.0656813847182829,0.104997707797598,0.202513717711651,0.173233172034913,0.101285706103067,0.114615535475615,0.080230529348081,0.1523934408232,0.0629693990621929,0.0706684131142976,0.0517712262085459,0.0883249854118166,0.0793974879290492,0.0578101523662896,0.100067316707314,0.0435341713031,0.0695933591732132,0.134227786394896,0.369131614513693,0.215823307867674,0.244226998567794,0.170958162825632,0.324725548759377,0.134177511545536,0.150582853858637,0.11031603295853,0.188206127521532,0.169183087530573,0.123183998928048,0.21322711893066,0.0927642134059079,0.148292089380331,0.28601750416809,0.809396295136941,0.473236588045792,0.535517468677436,0.374860613867446,0.712026945858901,0.294211539910305,0.330183596397991,0.2418903850554,0.41268029165881,0.370968399516467,0.270106022980095,0.467543914688992,0.203404443563988,0.325160628413482,0.627151669257467,1.53360296338517,0.896664635321223,1.01467128258759,0.710266839294383,1.34911246905887,0.55745707285727,0.625615097251537,0.458321607801008,0.781925642631623,0.702892069359488,0.511783164513215,0.885878447168365,0.385400401867007,0.61609783280109,1.18829510864326
"41",41,0.259580338385044,0.149696763913666,0.16993566797607,0.117871502574251,0.227603905164212,0.0919392625126339,0.10348593161215,0.0752106561442882,0.130083763560269,0.116616417600907,0.0842216308668092,0.147850139806021,0.0629638841650651,0.101871586131565,0.199821599276408,0.172052020015125,0.0992202675337817,0.112634782471596,0.0781262180575324,0.15085777255112,0.0609381123871398,0.0685913412694872,0.0498502521292398,0.0862206068108114,0.0772943372367508,0.0558228015640712,0.0979963096257768,0.041732989200934,0.0675213395788162,0.132443427772879,0.366614772346984,0.211422195397104,0.240006337214442,0.166474218930851,0.321453290323124,0.129849171187308,0.146156952776705,0.106222750736634,0.183722040199153,0.16470161668123,0.118949278743625,0.208814140869374,0.0889261883348682,0.143876953819402,0.282215327187321,0.803877605745184,0.463586251991933,0.526262808474646,0.36502865303467,0.704851852339688,0.284720771543969,0.320478906261716,0.232915029558642,0.402848016331797,0.36114186133983,0.260820535924943,0.457867560909239,0.194988791392784,0.315479543876059,0.618814621330149,1.52314643120674,0.878379669033655,0.997136022792853,0.691637739606595,1.33551746652458,0.539474447314175,0.607227143611093,0.441315560367921,0.763295947056139,0.684273244244952,0.494189495565366,0.867544183816096,0.3694548518489,0.59775460584962,1.1724984939515
"42",42,0.257810447333699,0.146644117278909,0.166998888215484,0.114779932124494,0.225310341255727,0.0889734568731094,0.100444293836332,0.0724199607808291,0.126984465133011,0.113527379070747,0.0813263275538759,0.144790212782694,0.0603588174359576,0.0988385392275987,0.197165268548543,0.17087892141881,0.0971969478048301,0.110688260276224,0.0760770992983496,0.149337579203875,0.0589723515963686,0.0665753183043443,0.0480005558944742,0.0841663658834863,0.0752468966550603,0.0539037703052101,0.0959681643943712,0.0400063291780462,0.0655110107154109,0.130682789542723,0.364115090711215,0.207110831300655,0.23585861612717,0.162107881311893,0.318214006425877,0.12566045579336,0.141861136892955,0.102281349967494,0.179344788075924,0.160338854984596,0.11486013635499,0.204492494414813,0.0852469576512878,0.139593271137065,0.27846369448997,0.79839654431489,0.454132707539368,0.517168084670721,0.355454567930208,0.697749062217571,0.275536159367872,0.311059454434275,0.224272705101024,0.393249998952305,0.351575617173849,0.251854257856323,0.448391470290934,0.186921328278937,0.306086696565503,0.610588402045326,1.51276119457729,0.860467573470512,0.979903802358103,0.673497249742578,1.32205946079238,0.522071910960309,0.589379645021315,0.424940523221876,0.745110111533725,0.666147610992663,0.477200647581765,0.849589368923991,0.354169032760361,0.579957516146294,1.1569118717388
"43",43,0.256052623892533,0.143653720830682,0.164112861045362,0.111769448346554,0.223039889584259,0.0861033231244729,0.0974920552688422,0.0697328143160352,0.123959008747821,0.110520165717841,0.0785305566435762,0.141793614433932,0.057861532695733,0.0958957959487258,0.194544249783755,0.169713821335483,0.0952148880203165,0.108775377322426,0.0740817254636445,0.147832704840689,0.0570700029353001,0.0646185498824244,0.0462194927360677,0.0821610680794304,0.0732536904854292,0.0520507099555349,0.0939819939382953,0.0383511079591291,0.0635605358502267,0.128945556377126,0.361632452601107,0.202887385411361,0.231782574773098,0.157856065354758,0.315007364783298,0.12160686129769,0.137691582769296,0.098486195081795,0.175071825759892,0.156091657967928,0.110911567206068,0.200260289355363,0.081719951398738,0.135437127555577,0.274761934165025,0.792952854288139,0.44487194167403,0.508230533290417,0.34613159490921,0.690717846891422,0.266647827299363,0.301916857248421,0.215951054548274,0.383880658229722,0.34226277212118,0.243196215265092,0.439111498159879,0.179187648253996,0.296973504726474,0.602471538101165,1.50244676738392,0.842920744976694,0.962969384243523,0.655832554291823,1.30873707134586,0.505230751096201,0.572056716535597,0.409173082692888,0.727357560918592,0.648502105501556,0.460795828515006,0.832006149374029,0.339515648904539,0.562690303417246,1.14153245046772
"44",44,0.254306785781217,0.140724305150614,0.161276709373908,0.108837924473969,0.220792317247861,0.0833257750527851,0.0946265883060551,0.0671453745625596,0.121005635088097,0.107592610084719,0.0758308964912312,0.138859034100691,0.0554675705741196,0.0930406676636906,0.191958073562058,0.168556665229054,0.0932732467991231,0.106895552266419,0.0721386869148132,0.146342995092203,0.055229020835515,0.0627192944060607,0.0445045160201018,0.0802035473088813,0.0713132821189137,0.0502613526203259,0.0920369295417703,0.0367643698362582,0.0616681329359737,0.127231417140594,0.359166741809156,0.198750064883391,0.227776974403515,0.153715767349663,0.311833036459481,0.117684028927874,0.133644579345363,0.0948318596183173,0.170900668504102,0.15195696445205,0.107098738783377,0.196115674599491,0.0783388714460617,0.131404725823027,0.271109383233527,0.78754628085629,0.435800023216043,0.499447438124724,0.337053147725807,0.683757485102224,0.258046217841567,0.293042977447978,0.207938179278235,0.374734545849947,0.3331966139226,0.234835811880558,0.430023585620629,0.171773941381819,0.288131642110265,0.594462575781187,1.49220266682816,0.825731734952374,0.946327621914326,0.638631173970399,1.29554893158011,0.488932858662526,0.555242940094502,0.393990693876433,0.71002797202209,0.631324009724,0.444954961089924,0.814786834577412,0.325468533916304,0.545937191509601,1.12635747571017
"45",45,0.252572851280436,0.137854626706567,0.158489571266974,0.10598328952177,0.21856739369154,0.0806378260001663,0.0918453425743434,0.0646539418976195,0.11812262675367,0.104742602127439,0.0732240430787039,0.135985188249512,0.0531726562027595,0.0902705457904939,0.189406276703704,0.167407398935276,0.0913711999177459,0.10504821381104,0.0702466109856916,0.14486829714464,0.0534474257151835,0.0608758614662761,0.0428531736056436,0.0782926652646377,0.0694242730007349,0.0485335083687195,0.0901321204680799,0.0352432813909209,0.0598320729826786,0.125540064833715,0.356717842920189,0.194697113430986,0.223840597677411,0.149684062369058,0.308690695833203,0.113887740518139,0.129716524635534,0.0913131184649715,0.166828890761703,0.147931794345,0.103416984701687,0.192056837366112,0.0750976802408788,0.127492381743989,0.267505387529841,0.782176570948062,0.426913101150948,0.490816129905379,0.328212812880237,0.676867262859086,0.249722081806352,0.284429916945372,0.200222622167755,0.365806343307176,0.324370608119129,0.226762815702078,0.421123757781204,0.164666969098338,0.279553030367551,0.58656008069391,1.48202841340341,0.808893246691075,0.929973457776674,0.621880956804914,1.28249368866147,0.473160708767688,0.538923350803106,0.379371648397855,0.693111267609722,0.614600942499227,0.42965865823173,0.797923893110833,0.312002604037296,0.529682873977629,1.11138422965407
"46",46,0.250850739228055,0.135043467324764,0.155750599686114,0.103203526823426,0.216364890683601,0.078036585653286,0.0891458426601514,0.0622549539731305,0.115308307262125,0.101968087694762,0.0707068059707285,0.13317081991112,0.0509726915816293,0.0875828994130676,0.186888402186232,0.166265968659209,0.089507939960413,0.103232800532119,0.0684041610128311,0.143408459724122,0.0517233018504486,0.0590866103382555,0.0412631043385792,0.0764273107601294,0.0675853016222666,0.0468650625535293,0.0882667335874731,0.0337851264344164,0.0580506784779969,0.123871196538178,0.354285641305971,0.190726810582925,0.219972248291518,0.145758102201304,0.305580020564527,0.110213913973631,0.125903922523026,0.0879249403877279,0.162854124775482,0.14401324649412,0.0998617989929955,0.18808200239171,0.071990590028404,0.12369652081346,0.263949301584487,0.776843473217682,0.418207402994949,0.482333985493656,0.319604345088006,0.670046473366001,0.241666468368804,0.276070009792037,0.192793351210841,0.35709085881116,0.315778393342302,0.218967346476475,0.412408122014539,0.157854040571621,0.271229831667615,0.578762637515952,1.47192353087248,0.792398132282232,0.913901921640623,0.605570069547718,1.26957000338879,0.457897341843553,0.523083423611681,0.365295043372889,0.676597610541194,0.598320850629576,0.414888199338859,0.781409949422369,0.299093813324168,0.513912500098039,1.0966100306166
"47",47,0.24914036901533,0.132289633672671,0.153058962231158,0.100496672606165,0.214184582292243,0.0755192569354495,0.0865256859067823,0.0599449806221219,0.11256104007392,0.0992670670476196,0.0682761044102502,0.130414698130652,0.0488637482612927,0.0849752729689078,0.184403999062612,0.165132320972701,0.0876826759763378,0.101448760707859,0.0666100353912077,0.14196333308116,0.050054795315476,0.0573499485210391,0.0397320346755426,0.0746063990832567,0.0657950425397238,0.0452539732232046,0.0864399530127677,0.0323873011575918,0.0563223218545571,0.122224513362518,0.351870023119831,0.186837470952178,0.216170750616737,0.141935113338543,0.302500691561734,0.106658598880995,0.122203379648223,0.0846624808367605,0.158974059201001,0.140198496595044,0.0964288305918358,0.184189431153868,0.0690120525163255,0.120013674951022,0.260440488508541,0.771546738033125,0.4096792331935,0.473998427083162,0.311221662867885,0.663294416949343,0.233870715442531,0.267955815355435,0.185639743744664,0.348583024268158,0.307413776729189,0.211439863605951,0.403872866255921,0.151322990040014,0.263154441537337,0.571068849738549,1.46188754624528,0.776239389576915,0.898108129209634,0.589686989317262,1.25677655005605,0.443126345409073,0.507709060387851,0.351740751519888,0.660477398050068,0.582472000193116,0.400625507371491,0.765237780605545,0.286719110710046,0.498611661301648,1.08203223256393
"48",48,0.247441660583126,0.129591956752433,0.150413840887237,0.0978608146036556,0.212026244862377,0.0730831329989422,0.0839825402759443,0.0577207189541494,0.109879227640733,0.0966375934177966,0.0659289635479961,0.127715617429257,0.046842060327917,0.0824452840055559,0.181952622380486,0.164006402811889,0.085894633143962,0.0996955521511637,0.0648629666546992,0.140532768975293,0.0484401119889539,0.0556643303201363,0.038257775433114,0.0728288713656258,0.0640522054188457,0.0436982686227589,0.0846509797424962,0.0310473094812517,0.0546454240029371,0.120599720388591,0.349470875291337,0.183027443520471,0.21243494934086,0.138212395017345,0.299452392948591,0.10321797226055,0.118611602388452,0.0815210750195207,0.155186437762541,0.13648479515607,0.0931138780101607,0.180377421110872,0.066156748967288,0.116440479332239,0.25697831987957,0.766286117464422,0.401324971552551,0.465806921416419,0.303058844245627,0.656610400986095,0.226326440365452,0.260080111696605,0.17875157126086,0.34027789233382,0.29927072945888,0.204171154471683,0.395514257335657,0.145062155087887,0.255319481913375,0.56347733941744,1.45191998975672,0.760410159215431,0.882587280596188,0.57422049545772,1.24411201631635,0.428831836422169,0.492786577368724,0.338689392381058,0.64474125615971,0.567042968086391,0.386853126727704,0.749400313240159,0.274856398842527,0.483766378009021,1.06764822463732
"49",49,0.245754534418177,0.126949291404636,0.147814431776185,0.0952940907050843,0.209889656992686,0.0707255943143938,0.0815141422721475,0.0555789886326927,0.107261310476479,0.0940777716047903,0.0636625108016626,0.125072397276842,0.0449040176785277,0.0799906210038756,0.179533833102474,0.162888161474714,0.0841430524420447,0.0979726420448564,0.0631617205806794,0.139116620659873,0.0468775156249,0.0540282554717995,0.0368382186576402,0.0710936939668115,0.0623555341048834,0.0421960447806084,0.0828990313114362,0.0297627585989415,0.0530184528289145,0.118996526618747,0.347088085521003,0.179295110937429,0.208763709117451,0.134587317310741,0.296434812031949,0.0998883344554982,0.115125393926541,0.0784962312308329,0.151489057941066,0.132869465516457,0.0899128841952912,0.176644304957046,0.0634195807012898,0.112973669314391,0.253562175629082,0.761061365272066,0.39314107170178,0.457756979014982,0.295110122570367,0.649993739832801,0.219025530886032,0.252435889142372,0.172118984780405,0.332170633536282,0.291343382407188,0.197152323158833,0.38732863934625,0.139060355820208,0.247717794401222,0.555986746926085,1.44202039484469,0.744903721715533,0.867334658863056,0.559159661612119,1.23157510304732,0.414998444200932,0.478302692981826,0.32612230461151,0.629380034232283,0.552022633791186,0.373554201880184,0.733890620298497,0.263484494624708,0.469363086858061,1.05345543068549
"50",50,0.244078911549356,0.124360515822188,0.145259944912226,0.0927946876396593,0.207774599512914,0.0684441058540363,0.0791182949281084,0.0535167273277861,0.104705766250459,0.0915857566098409,0.0614739723402643,0.122483881575729,0.0430461595744927,0.077609041266138,0.177147198027545,0.161777544618454,0.0824271903274598,0.0962795067797567,0.0615050953180969,0.137714742867021,0.0453653259857008,0.0524402678077324,0.0354713346111995,0.0693998578732915,0.0607038057172232,0.0407454631783692,0.0811833414483741,0.0285313547041421,0.0514399218536716,0.117414644923718,0.344721542275032,0.175638888834009,0.205155914220811,0.131057319270308,0.293447639269669,0.0966661051537336,0.111741651405526,0.0755836244304795,0.147879769693451,0.129349901917216,0.086821931564634,0.172988449893507,0.0607956599910338,0.109610077453741,0.250191443931473,0.755872236895474,0.385124059589163,0.449846153422866,0.287369882440756,0.643443754755231,0.211960136440298,0.24501634404647,0.165732500771165,0.324256533467803,0.283626021916466,0.190374779569147,0.379312432043375,0.133306874898743,0.240342433734946,0.548595730712153,1.43218829812824,0.729713494620012,0.85234562858977,0.544493848003377,1.21916452421783,0.401611293895741,0.464244516024,0.314021519296541,0.614384799647607,0.53740017135938,0.360712456747342,0.718701918115571,0.252583091388798,0.455388628311865,1.03945130880327
"51",51,0.242414713543988,0.121824531074113,0.142749603961895,0.0903608396956194,0.205680855461383,0.0662362143658245,0.0767928658493658,0.0515309863373786,0.102211108902122,0.0891597523061432,0.0593606696893408,0.119948938154997,0.0412651684617243,0.0752983688669862,0.17479228971343,0.160674500257275,0.0807463184195624,0.0946156317955487,0.059891920538424,0.136326991792722,0.0439019170353758,0.050898953959046,0.0341551688694025,0.0677463781116994,0.0590958297679915,0.03934474850076,0.0795031597409522,0.0273508988942484,0.0499083888556771,0.115853791991194,0.342371134780095,0.172057225149943,0.201610468206893,0.127619907116974,0.290490568238863,0.0935478195379836,0.108457363166993,0.0727790900590878,0.14435647420222,0.125923567623,0.083837237211091,0.169408256914,0.0582803013339729,0.106346630611604,0.246865521094448,0.750718489441547,0.377270532006249,0.442072040463036,0.279832655737936,0.636959773858759,0.205122659710238,0.237814872734044,0.159582987587963,0.31653099004332,0.27611308567747,0.183830228907843,0.371462129279941,0.127791438404234,0.233186661431666,0.541302967057255,1.42242323938585,0.714833029702456,0.837615634463878,0.530212693917796,1.2068790067561,0.388655990494552,0.450599534187751,0.302369734258979,0.5997468326088,0.523165041610115,0.3483121747736,0.703827563422068,0.24213272263475,0.441830234635548,1.02563335087633
"52",52,0.240761862504171,0.119340260639057,0.1402826460081,0.087990827472841,0.203608210062736,0.0640995457354891,0.0745357853163695,0.0496189263711643,0.0997758877769129,0.0867980101442831,0.0573200164528667,0.117466458275293,0.039557864046564,0.0730564926654048,0.172468686400069,0.159578976759795,0.079099723190993,0.0929805114244008,0.0583210566088735,0.134953225082074,0.042485715191125,0.0494029420983064,0.0328878395268803,0.0661322931760591,0.0575304473040077,0.0379921864628564,0.0778577513074506,0.0262192832440162,0.0484224545530037,0.114313688275077,0.340036753018148,0.168548599474891,0.198126293580082,0.12427265247928,0.28756329560447,0.0905301245601405,0.105269606070592,0.0700786180834807,0.140917122655075,0.122587993093744,0.0809551482732942,0.165902160105529,0.0558690130854672,0.103180347146584,0.243583811450905,0.745599881673301,0.369577155143499,0.434432277506763,0.272493117762576,0.630541132019439,0.198505748454513,0.230825065624124,0.153661652415799,0.308989510824315,0.268799158720308,0.177510661531906,0.363774297472561,0.122504197490397,0.226243939634952,0.534107149839869,1.41272476153396,0.700256010229991,0.823140199896539,0.5163061103857,1.19471729041908,0.376118603344146,0.437355602924822,0.291150289319846,0.585457621071679,0.509306984533651,0.336338179694452,0.689261050438698,0.232114727269178,0.428675518231023,1.011999082132
"53",53,0.239120281063133,0.116906649948307,0.137858321318264,0.0856829766681618,0.201556450705908,0.0620318024336854,0.0723450444423517,0.0477778134908542,0.0973986867827089,0.0844988278919655,0.0553495151478537,0.115035356143887,0.0379211976167722,0.0708813643758811,0.170175971934075,0.158490922846671,0.0774867056647859,0.0913736487372889,0.0567913937873019,0.133593301814682,0.0411151976312766,0.0479509007185569,0.0316675345064617,0.0645566644686641,0.0560065300714653,0.0366861217120391,0.0762463964753638,0.0251344870414667,0.0469807613248768,0.112794057945422,0.33771828772128,0.165111522403026,0.194702331465736,0.12101319067785,0.284665521088133,0.087609775335777,0.102175542892325,0.0674783472629735,0.137559715053501,0.119340774204742,0.0781721374649979,0.16246862596345,0.0535574894381098,0.100108334190401,0.240345727252246,0.740516173998571,0.362040663175091,0.426924542755591,0.265346083473212,0.624187170815776,0.192102287602698,0.224040701524864,0.147960028697538,0.301627710406438,0.261678969511588,0.171408343147368,0.35624557409977,0.117435710796952,0.219507925141523,0.527006990301411,1.40309241060551,0.685976248281829,0.808914925662045,0.50276427305405,1.18267812766319,0.363985651170695,0.424500934637082,0.280347142476985,0.571508855794965,0.495816011896437,0.324775816962777,0.674996008030681,0.222511216282474,0.4159124603191,0.998546060696015
"54",54,0.237489892381611,0.11452266593813,0.135475893116476,0.083435656892564,0.199525366922314,0.0600307610454926,0.0702186933853423,0.0460050152010833,0.0950781235663563,0.082260548407126,0.0534467541477698,0.112654568439766,0.0363522465974802,0.0687709966969927,0.1679137356942,0.157410287588196,0.075906581117655,0.0897945553929745,0.0553018514382277,0.132247082490209,0.0397888906578196,0.0465415374482267,0.0304925089681946,0.0630185757542792,0.0545229797027397,0.0354249558020662,0.0746683904666284,0.0240945731795255,0.0455819919712874,0.111294628839029,0.335415630366597,0.161744534900785,0.191337541288384,0.117839219054855,0.2817969474374,0.0847836316549679,0.0991724197993156,0.0649745596284208,0.134282299049759,0.116179570513859,0.0754847987581589,0.159106152720742,0.0513416027328999,0.0971277850048286,0.237150688563119,0.735467128458796,0.354657856872583,0.419546554535726,0.258386503823263,0.617897238461188,0.185905391604545,0.217455742096438,0.142469964028094,0.294441307869375,0.254747386154946,0.165515805343584,0.348872666231311,0.112576927590309,0.212972463605794,0.520001216815427,1.3935257357287,0.671987682122519,0.794935488560851,0.489577615245998,1.17076028351633,0.352244087583542,0.412024088185128,0.269944846967575,0.557892425508423,0.482682400042061,0.313610935813658,0.66102619692113,0.213305040804622,0.403529399958554,0.985271877155192
"55",55,0.235870620144252,0.112187296611235,0.133134637359574,0.0812472805193804,0.197514750364262,0.0580942698796079,0.0681548396127356,0.0442979966853662,0.0928128487098264,0.0800815584435406,0.0516094047310352,0.110323053848557,0.0348482093323848,0.0667234614957141,0.165681572517795,0.156337020401917,0.0743586787893295,0.0882427514895932,0.0538513772694133,0.13091442901406,0.0385053681117564,0.0451735979008712,0.0293610828145053,0.0615171326273451,0.0530787269247367,0.0342071452367919,0.0731230430893657,0.0230976846969555,0.0442248685095346,0.109815132410704,0.333128673171147,0.158446207687512,0.188030900455482,0.11474849534729,0.278957280395231,0.0820486546056673,0.0962575638987916,0.0625636751661184,0.131082968811588,0.113102103574659,0.0728898432144196,0.155813269691165,0.0492173960885337,0.0942359764173241,0.233998123157548,0.730452508717888,0.347425602246847,0.412296070604607,0.251609462194114,0.611670689737144,0.179908397026054,0.211064326476699,0.1371836084978,0.287426124287478,0.247999412692212,0.159825836452909,0.341652349087872,0.107919171601783,0.206631583916974,0.513088574659843,1.38402428910594,0.658284373628737,0.781197640105715,0.47673682120247,1.15896253545122,0.340881287046602,0.39991395870523,0.259928529181743,0.54460041219612,0.4698966828829,0.302829871945763,0.647345506962096,0.204479761482681,0.39151502339213,0.972174154125918
"56",56,0.234262388556045,0.109899550607184,0.130833842517106,0.0791163015627099,0.195524394783578,0.0562202466546628,0.0661516462168655,0.0426543171817169,0.0906015449455219,0.0779602874880745,0.049835218230983,0.108039792607072,0.0334064000808657,0.0647368880457817,0.163479082628244,0.155271071050264,0.0728423415978177,0.0867177654188078,0.0524389465884692,0.129595204683221,0.0372632498395751,0.0438458645587212,0.0282716382879294,0.0600514619918778,0.0516727307882111,0.0330311995811361,0.0716096784360038,0.0221420414624036,0.0429081510065999,0.108355303685164,0.330857309086871,0.155215140628733,0.184781404046639,0.111738836102925,0.276146228669812,0.0794019033060096,0.0934283808591095,0.0602422466989595,0.127959863913951,0.110106155294205,0.070384094959893,0.152588536626006,0.0471810763356509,0.0914302663330063,0.23088746641645,0.725472080051159,0.340340829217691,0.405170887469472,0.24501017092175,0.605506885926979,0.174104855384371,0.204860766064786,0.132093403468303,0.280578080299695,0.241430185502564,0.15433147272459,0.334581464630619,0.103454125534491,0.200479492743567,0.506267825792248,1.37458762599281,0.644860505768574,0.767697205230538,0.46423281950102,1.14728367326,0.329885031302302,0.388159767725594,0.250283867395697,0.531625086492067,0.45744964507741,0.292419430798093,0.633947954462102,0.196019619125232,0.379858353709751,0.959250545828353
"57",57,0.232665122338767,0.107658456781563,0.128572809355086,0.0770412145852508,0.193554096010451,0.054406676260176,0.0642073302800879,0.0410716264927517,0.0884429263902806,0.0758952066287299,0.0481220232837954,0.105803786057287,0.0320242442220916,0.0628094613185089,0.161305871563368,0.154212389638204,0.0713569258604764,0.0852191337224818,0.0510635615789569,0.128289274172232,0.0360612002091897,0.0425571556890456,0.0272226176579783,0.0586207115537591,0.0503039779174996,0.0318956796369942,0.0701276345876478,0.0212259369956428,0.0416306364462848,0.106914881209574,0.328601431795594,0.152049962141795,0.181588064508212,0.108808115137792,0.273363503904679,0.076840531742021,0.0906823526007019,0.0580069549575257,0.124911168257195,0.107189566334359,0.0679644872983238,0.149430543084137,0.0452290072434192,0.0887080913207123,0.227818161226511,0.720525609334342,0.333400530310621,0.398168839717691,0.2385839679145,0.599405194750372,0.168488526213831,0.198839539458052,0.127192070764925,0.273893193737407,0.23503496979706,0.149025989802086,0.327656920179929,0.0991738162112563,0.194510569240312,0.49953774862816,1.3652153046773,0.631710380132206,0.754430081021525,0.452056776647297,1.13572249893003,0.319243496233466,0.376751053573106,0.240997071293961,0.518958903185551,0.445332315388139,0.282366871401628,0.620827679568981,0.187909506561389,0.368548740819489,0.946498737666309
"58",58,0.231078746727466,0.105463063793729,0.126350850723488,0.0750205536347794,0.191603651932486,0.0526516085897339,0.0623201612879172,0.0395476616252845,0.0863357377976281,0.0738848274526786,0.0464677231710493,0.103614056209538,0.0306992736575522,0.0609394203244888,0.159161550104775,0.153160926610899,0.0699018010207688,0.0837464009518303,0.0497242505954779,0.126996503519307,0.0348979266737538,0.0413063242923654,0.0262125209938354,0.0572240493251241,0.0489714817801269,0.0307991956818534,0.0686762633245684,0.0203477354203314,0.0403911576300773,0.105493607006727,0.326360935704048,0.148949328613639,0.178449911353179,0.105954262034139,0.270608820649131,0.0743617857073415,0.0880170350548919,0.0558546038340654,0.121935109010976,0.104350234555441,0.0656280589578677,0.146337907815117,0.0433577030263619,0.086066964270923,0.22478965788041,0.715612865032677,0.326601759380169,0.391287799358677,0.232326313359484,0.593364990298491,0.163053370355675,0.192995287537814,0.122472602270042,0.267367577308775,0.228809156206021,0.143902894493358,0.320875687062706,0.0950706003370058,0.188719359912708,0.492897137822247,1.35590688645911,0.618828414512935,0.741392235470268,0.440200090834583,1.12427782652109,0.308945239149007,0.365677662062054,0.232054862251442,0.506594496833567,0.433535960215689,0.272659890786106,0.607978943706878,0.18013494166411,0.35757585171713,0.933916445812709
"59",59,0.229503187466956,0.103312439702972,0.124167291347419,0.0730528912085232,0.189672862473978,0.0509531564440686,0.0604884595888028,0.0380802435546111,0.0842787538278463,0.0719277009734844,0.0448702932536167,0.101469645314777,0.0294291224038049,0.05912505650467,0.15704573420815,0.152116632751392,0.0684763493805945,0.0822991195290041,0.0484200674772516,0.125716760112596,0.0337721783818039,0.0400922570815804,0.0252399040196964,0.0558606631405559,0.0476742819757605,0.029740405767961,0.0672549298426814,0.0195058685428493,0.0391885821107436,0.104091226528841,0.324135715938927,0.145911923830433,0.175365990866196,0.103175260677774,0.267881896328958,0.0719629998416658,0.0854300559885795,0.0537821158125736,0.119029955583352,0.101586113501096,0.063371950466896,0.143309278155057,0.0415638221198347,0.0835044721234213,0.221801413978368,0.710733617190069,0.319941630359259,0.384525675177173,0.226232786515447,0.587385652969785,0.157793543464221,0.187322808699531,0.117928249902605,0.260997436338269,0.22274825745682,0.138955916824092,0.314234799287693,0.0911371508502344,0.183100573634437,0.486344804052448,1.34666193562912,0.60620914053755,0.728579706248375,0.428654385867028,1.11294848204363,0.298979186479762,0.35492973745652,0.22344445434713,0.494524677477775,0.422052077303944,0.263286608922858,0.595396127066304,0.172682041489643,0.346929661045444,0.921501416800557
"60",60,0.227938370808344,0.101205671572903,0.122021467621894,0.0711368372446965,0.187761529575381,0.0493094935017796,0.0587105948991762,0.0366672741088537,0.0822707783354329,0.0700224165867416,0.0433277784937811,0.0993696154456574,0.0282115223675682,0.0573647121693349,0.154958044934478,0.1510794591783,0.0670799658380771,0.0808768496110671,0.0471500908796967,0.124449912676573,0.0326827448322361,0.0389138734911018,0.0243033760496865,0.0545297601848084,0.0464114435439986,0.0287180140799618,0.0658630124758965,0.0186988330519939,0.0380218111576704,0.102707488611964,0.321925668341984,0.142936458418844,0.172335365813758,0.100469147833777,0.265182451217445,0.0696415947647197,0.0829191128928648,0.0517865275684393,0.116194018614438,0.0988952109233135,0.06119340065439,0.140343329434985,0.0398441612130351,0.0810182736626046,0.218852894331001,0.705887637418332,0.313417316034079,0.377880412097704,0.220299082589709,0.581466569406426,0.152703389722533,0.181817054223181,0.113552515969468,0.254779066560039,0.216847905139664,0.134179002364091,0.307731352248199,0.0873664438391615,0.177649076813144,0.479879573806967,1.33748001944901,0.593847201345007,0.715988599503287,0.417411505242252,1.10173330333842,0.289334621871249,0.344497713698401,0.215153536082291,0.482742426463512,0.410872389612049,0.25423555418526,0.583073726146124,0.16553749748693,0.336600441934545,0.909251427119347
